Category,Sub Category,Top Brand,Brand Name,Brand Count
Clothing  Shoes & Jewelry,Men,YES,adidas,620,
Clothing  Shoes & Jewelry,Men,YES,Amazon Essentials,3,
Clothing  Shoes & Jewelry,Men,YES,ASICS,227,
Clothing  Shoes & Jewelry,Men,YES,Calvin Klein,1547,
Clothing  Shoes & Jewelry,Men,YES,Casio,38,
Clothing  Shoes & Jewelry,Men,YES,Chaco,2,
Clothing  Shoes & Jewelry,Men,YES,Champion,296,
Clothing  Shoes & Jewelry,Men,YES,Citizen,3,
Clothing  Shoes & Jewelry,Men,YES,CLARKS,50,
Clothing  Shoes & Jewelry,Men,YES,Columbia,1064,
Clothing  Shoes & Jewelry,Men,YES,crocs,2,
Clothing  Shoes & Jewelry,Men,YES,Cubavera,256,
Clothing  Shoes & Jewelry,Men,YES,Dockers,535,
Clothing  Shoes & Jewelry,Men,YES,ExOfficio,156,
Clothing  Shoes & Jewelry,Men,YES,French Connection,247,
Clothing  Shoes & Jewelry,Men,YES,Gold Toe,115,
Clothing  Shoes & Jewelry,Men,YES,GUESS,359,
Clothing  Shoes & Jewelry,Men,YES,Haggar,542,
Clothing  Shoes & Jewelry,Men,YES,Hanes,378,
Clothing  Shoes & Jewelry,Men,YES,Hudson Jeans,122,
Clothing  Shoes & Jewelry,Men,YES,HUGO BOSS,533,
Clothing  Shoes & Jewelry,Men,YES,HÚGÓ BÓSS,533,
Clothing  Shoes & Jewelry,Men,YES,Invicta,101,
Clothing  Shoes & Jewelry,Men,YES,IZOD,383,
Clothing  Shoes & Jewelry,Men,YES,Kanu Surf,116,
Clothing  Shoes & Jewelry,Men,YES,Keen,9,
Clothing  Shoes & Jewelry,Men,YES,Kenneth Cole New York,452,
Clothing  Shoes & Jewelry,Men,YES,Kenneth Cole REACTION,472,
Clothing  Shoes & Jewelry,Men,YES,LEE,182,
Clothing  Shoes & Jewelry,Men,YES,Lee,182,
Clothing  Shoes & Jewelry,Men,YES,Levi's,436,
Clothing  Shoes & Jewelry,Men,YES,Lucky Brand,588,
Clothing  Shoes & Jewelry,Men,YES,Merrell,104,
Clothing  Shoes & Jewelry,Men,YES,Nautica,1003,
Clothing  Shoes & Jewelry,Men,YES,New Balance,288,
Clothing  Shoes & Jewelry,Men,YES,O'Neill,504,
Clothing  Shoes & Jewelry,Men,YES,Original Penguin,1039,
Clothing  Shoes & Jewelry,Men,YES,PGA TOUR,137,
Clothing  Shoes & Jewelry,Men,YES,PUMA,426,
Clothing  Shoes & Jewelry,Men,YES,Robert Graham,389,
Clothing  Shoes & Jewelry,Men,YES,Sanuk,2,
Clothing  Shoes & Jewelry,Men,YES,Saucony,21,
Clothing  Shoes & Jewelry,Men,YES,Soffe,67,
Clothing  Shoes & Jewelry,Men,YES,Speedo,30,
Clothing  Shoes & Jewelry,Men,YES,Teva,2,
Clothing  Shoes & Jewelry,Men,YES,Timex,15,
Clothing  Shoes & Jewelry,Men,YES,Tommy Hilfiger,593,
Clothing  Shoes & Jewelry,Men,YES,Under Armour,580,
Clothing  Shoes & Jewelry,Men,YES,UNIONBAY,51,
Clothing  Shoes & Jewelry,Men,YES,Van Heusen,196,
Clothing  Shoes & Jewelry,Men,YES,Volcom,563,
Clothing  Shoes & Jewelry,Men,NO,2(X)IST,219,
Clothing  Shoes & Jewelry,Men,NO,7 Diamonds,3,
Clothing  Shoes & Jewelry,Men,NO,7 For All Mankind,247,
Clothing  Shoes & Jewelry,Men,NO,A. Kurtz,10,
Clothing  Shoes & Jewelry,Men,NO,Acorn,1,
Clothing  Shoes & Jewelry,Men,NO,adidas,620,
Clothing  Shoes & Jewelry,Men,NO,AG Adriano Goldschmied,213,
Clothing  Shoes & Jewelry,Men,NO,Agave,75,
Clothing  Shoes & Jewelry,Men,NO,Akademiks,92,
Clothing  Shoes & Jewelry,Men,NO,Allen Edmonds,13,
Clothing  Shoes & Jewelry,Men,NO,Alo Yoga,23,
Clothing  Shoes & Jewelry,Men,NO,Alpha Industries,57,
Clothing  Shoes & Jewelry,Men,NO,Alternative,171,
Clothing  Shoes & Jewelry,Men,NO,Amazon Essentials,3,
Clothing  Shoes & Jewelry,Men,NO,AMBIG,11,
Clothing  Shoes & Jewelry,Men,NO,American Apparel,22,
Clothing  Shoes & Jewelry,Men,NO,Andrew Fezza,43,
Clothing  Shoes & Jewelry,Men,NO,Andrew Marc,45,
Clothing  Shoes & Jewelry,Men,NO,Angry Birds,6,
Clothing  Shoes & Jewelry,Men,NO,Antony Morato,11,
Clothing  Shoes & Jewelry,Men,NO,Ariat,128,
Clothing  Shoes & Jewelry,Men,NO,Armani Collezioni,2,
Clothing  Shoes & Jewelry,Men,NO,ARMANI JEANS,105,
Clothing  Shoes & Jewelry,Men,NO,Armitron,3,
Clothing  Shoes & Jewelry,Men,NO,Armitron Sport,111,
Clothing  Shoes & Jewelry,Men,NO,ASICS,227,
Clothing  Shoes & Jewelry,Men,NO,August Steiner,5,
Clothing  Shoes & Jewelry,Men,NO,A|X Armani Exchange,230,
Clothing  Shoes & Jewelry,Men,NO,Baja East,3,
Clothing  Shoes & Jewelry,Men,NO,Baldwin,10,
Clothing  Shoes & Jewelry,Men,NO,Barney Cools,54,
Clothing  Shoes & Jewelry,Men,NO,Bass,27,
Clothing  Shoes & Jewelry,Men,NO,Ben Sherman,317,
Clothing  Shoes & Jewelry,Men,NO,Benson,2,
Clothing  Shoes & Jewelry,Men,NO,Betsey Johnson,1,
Clothing  Shoes & Jewelry,Men,NO,Big Star,41,
Clothing  Shoes & Jewelry,Men,NO,Billabong,593,
Clothing  Shoes & Jewelry,Men,NO,Bioworld,49,
Clothing  Shoes & Jewelry,Men,NO,bioWorld,49,
Clothing  Shoes & Jewelry,Men,NO,Birkenstock,1,
Clothing  Shoes & Jewelry,Men,NO,Body Glove,77,
Clothing  Shoes & Jewelry,Men,NO,Bogs,16,
Clothing  Shoes & Jewelry,Men,NO,Boston Harbour,9,
Clothing  Shoes & Jewelry,Men,NO,Bostonian,14,
Clothing  Shoes & Jewelry,Men,NO,BRAVADO,41,
Clothing  Shoes & Jewelry,Men,NO,Bravado,41,
Clothing  Shoes & Jewelry,Men,NO,Briefly Stated,10,
Clothing  Shoes & Jewelry,Men,NO,Brixton,317,
Clothing  Shoes & Jewelry,Men,NO,Buffalo David Bitton,448,
Clothing  Shoes & Jewelry,Men,NO,Bugatchi,505,
Clothing  Shoes & Jewelry,Men,NO,Buttoned Down,21,
Clothing  Shoes & Jewelry,Men,NO,Buxton,1,
Clothing  Shoes & Jewelry,Men,NO,CADET Clothing,29,
Clothing  Shoes & Jewelry,Men,NO,Calibre,5,
Clothing  Shoes & Jewelry,Men,NO,Callaway,23,
Clothing  Shoes & Jewelry,Men,NO,Calvin Klein,1547,
Clothing  Shoes & Jewelry,Men,NO,Camper,4,
Clothing  Shoes & Jewelry,Men,NO,Capezio,8,
Clothing  Shoes & Jewelry,Men,NO,Casio,38,
Clothing  Shoes & Jewelry,Men,NO,Chaco,2,
Clothing  Shoes & Jewelry,Men,NO,Champion,296,
Clothing  Shoes & Jewelry,Men,NO,Charles-Hubert  Paris,1,
Clothing  Shoes & Jewelry,Men,NO,Citizen,3,
Clothing  Shoes & Jewelry,Men,NO,CLARKS,50,
Clothing  Shoes & Jewelry,Men,NO,claude bernard,23,
Clothing  Shoes & Jewelry,Men,NO,Cole Haan,92,
Clothing  Shoes & Jewelry,Men,NO,Columbia,1064,
Clothing  Shoes & Jewelry,Men,NO,Converse,1,
Clothing  Shoes & Jewelry,Men,NO,Costa Del Mar,3,
Clothing  Shoes & Jewelry,Men,NO,crocs,2,
Clothing  Shoes & Jewelry,Men,NO,Cubavera,256,
Clothing  Shoes & Jewelry,Men,NO,Cutter & Buck,253,
Clothing  Shoes & Jewelry,Men,NO,Daniel Buchler,51,
Clothing  Shoes & Jewelry,Men,NO,Dansko,1,
Clothing  Shoes & Jewelry,Men,NO,David Hart,19,
Clothing  Shoes & Jewelry,Men,NO,DC Comics,6,
Clothing  Shoes & Jewelry,Men,NO,Deer Stags,3,
Clothing  Shoes & Jewelry,Men,NO,Derek Rose,73,
Clothing  Shoes & Jewelry,Men,NO,Desigual,1,
Clothing  Shoes & Jewelry,Men,NO,Despicable Me,2,
Clothing  Shoes & Jewelry,Men,NO,Dickies,1,
Clothing  Shoes & Jewelry,Men,NO,Diesel,423,
Clothing  Shoes & Jewelry,Men,NO,Disney,85,
Clothing  Shoes & Jewelry,Men,NO,DKNY,44,
Clothing  Shoes & Jewelry,Men,NO,DL1961,88,
Clothing  Shoes & Jewelry,Men,NO,Dockers,535,
Clothing  Shoes & Jewelry,Men,NO,Dorfman Pacific,7,
Clothing  Shoes & Jewelry,Men,NO,Dr. Martens,1,
Clothing  Shoes & Jewelry,Men,NO,Dr. Scholl's,35,
Clothing  Shoes & Jewelry,Men,NO,Dunham by New Balance,2,
Clothing  Shoes & Jewelry,Men,NO,Eagle,56,
Clothing  Shoes & Jewelry,Men,NO,ECCO,9,
Clothing  Shoes & Jewelry,Men,NO,ELEMENT,178,
Clothing  Shoes & Jewelry,Men,NO,Element,178,
Clothing  Shoes & Jewelry,Men,NO,Elie Tahari,5,
Clothing  Shoes & Jewelry,Men,NO,Emporio Armani,295,
Clothing  Shoes & Jewelry,Men,NO,English Laundry,22,
Clothing  Shoes & Jewelry,Men,NO,Ermenegildo Zegna,1,
Clothing  Shoes & Jewelry,Men,NO,ExOfficio,156,
Clothing  Shoes & Jewelry,Men,NO,Ezekiel,29,
Clothing  Shoes & Jewelry,Men,NO,FALKE,5,
Clothing  Shoes & Jewelry,Men,NO,FARAH,13,
Clothing  Shoes & Jewelry,Men,NO,FEA,75,
Clothing  Shoes & Jewelry,Men,NO,Ferrari,3,
Clothing  Shoes & Jewelry,Men,NO,Fidelity Denim,5,
Clothing  Shoes & Jewelry,Men,NO,Fifth Sun,1,
Clothing  Shoes & Jewelry,Men,NO,Fila,6,
Clothing  Shoes & Jewelry,Men,NO,Florsheim,8,
Clothing  Shoes & Jewelry,Men,NO,Fox,354,
Clothing  Shoes & Jewelry,Men,NO,Fred Perry,106,
Clothing  Shoes & Jewelry,Men,NO,Freestyle,6,
Clothing  Shoes & Jewelry,Men,NO,French Connection,247,
Clothing  Shoes & Jewelry,Men,NO,FRYE,1,
Clothing  Shoes & Jewelry,Men,NO,G-Star Raw,455,
Clothing  Shoes & Jewelry,Men,NO,GANT,58,
Clothing  Shoes & Jewelry,Men,NO,Geoffrey Beene,125,
Clothing  Shoes & Jewelry,Men,NO,Gerry,13,
Clothing  Shoes & Jewelry,Men,NO,Gevril,4,
Clothing  Shoes & Jewelry,Men,NO,Globe,6,
Clothing  Shoes & Jewelry,Men,NO,Glycine,1,
Clothing  Shoes & Jewelry,Men,NO,Gold Toe,115,
Clothing  Shoes & Jewelry,Men,NO,GoodLife,5,
Clothing  Shoes & Jewelry,Men,NO,Goodthreads,40,
Clothing  Shoes & Jewelry,Men,NO,Goorin Bros.,4,
Clothing  Shoes & Jewelry,Men,NO,Greg Norman,15,
Clothing  Shoes & Jewelry,Men,NO,Gucci,3,
Clothing  Shoes & Jewelry,Men,NO,GUESS,359,
Clothing  Shoes & Jewelry,Men,NO,GUESS by Marciano,6,
Clothing  Shoes & Jewelry,Men,NO,Gymboree,1,
Clothing  Shoes & Jewelry,Men,NO,GùCCì,3,
Clothing  Shoes & Jewelry,Men,NO,Haflinger,2,
Clothing  Shoes & Jewelry,Men,NO,Haggar,542,
Clothing  Shoes & Jewelry,Men,NO,Hanes,378,
Clothing  Shoes & Jewelry,Men,NO,HANRO,84,
Clothing  Shoes & Jewelry,Men,NO,Happy Socks,112,
Clothing  Shoes & Jewelry,Men,NO,Hart Schaffner Marx,38,
Clothing  Shoes & Jewelry,Men,NO,Hawke & Co,65,
Clothing  Shoes & Jewelry,Men,NO,Heelys,1,
Clothing  Shoes & Jewelry,Men,NO,Helly Hansen,444,
Clothing  Shoes & Jewelry,Men,NO,Herschel Supply Co.,11,
Clothing  Shoes & Jewelry,Men,NO,HEX,1,
Clothing  Shoes & Jewelry,Men,NO,Hickey Freeman,1,
Clothing  Shoes & Jewelry,Men,NO,Hudson Jeans,122,
Clothing  Shoes & Jewelry,Men,NO,HUE,9,
Clothing  Shoes & Jewelry,Men,NO,HUGO BOSS,533,
Clothing  Shoes & Jewelry,Men,NO,Hurley,18,
Clothing  Shoes & Jewelry,Men,NO,Hush Puppies,2,
Clothing  Shoes & Jewelry,Men,NO,Hybrid,3,
Clothing  Shoes & Jewelry,Men,NO,HÚGÓ BÓSS,533,
Clothing  Shoes & Jewelry,Men,NO,Ike Behar,18,
Clothing  Shoes & Jewelry,Men,NO,Invicta,101,
Clothing  Shoes & Jewelry,Men,NO,Isaac Mizrahi,19,
Clothing  Shoes & Jewelry,Men,NO,Issey Miyake,1,
Clothing  Shoes & Jewelry,Men,NO,IZOD,383,
Clothing  Shoes & Jewelry,Men,NO,J.Lindeberg,62,
Clothing  Shoes & Jewelry,Men,NO,Jack O'Neill,8,
Clothing  Shoes & Jewelry,Men,NO,Jack Spade,92,
Clothing  Shoes & Jewelry,Men,NO,James Campbell,25,
Clothing  Shoes & Jewelry,Men,NO,Jessica Simpson,1,
Clothing  Shoes & Jewelry,Men,NO,Jockey,31,
Clothing  Shoes & Jewelry,Men,NO,Joe's Jeans,117,
Clothing  Shoes & Jewelry,Men,NO,John Varvatos Star USA,10,
Clothing  Shoes & Jewelry,Men,NO,Jonathan Simkhai,11,
Clothing  Shoes & Jewelry,Men,NO,Jones New York,47,
Clothing  Shoes & Jewelry,Men,NO,Junk Food,16,
Clothing  Shoes & Jewelry,Men,NO,Just Cavalli,15,
Clothing  Shoes & Jewelry,Men,NO,Justin Boots,7,
Clothing  Shoes & Jewelry,Men,NO,K-Swiss,5,
Clothing  Shoes & Jewelry,Men,NO,Kahala,101,
Clothing  Shoes & Jewelry,Men,NO,Kamik,9,
Clothing  Shoes & Jewelry,Men,NO,Kanu Surf,116,
Clothing  Shoes & Jewelry,Men,NO,Karen Kane,1,
Clothing  Shoes & Jewelry,Men,NO,Karen Neuburger,2,
Clothing  Shoes & Jewelry,Men,NO,Keen,9,
Clothing  Shoes & Jewelry,Men,NO,Kenneth Cole,5,
Clothing  Shoes & Jewelry,Men,NO,Kenneth Cole New York,451,
Clothing  Shoes & Jewelry,Men,NO,Kenneth Cole REACTION,473,
Clothing  Shoes & Jewelry,Men,NO,Kipling,1,
Clothing  Shoes & Jewelry,Men,NO,KR3W,18,
Clothing  Shoes & Jewelry,Men,NO,Lacoste,465,
Clothing  Shoes & Jewelry,Men,NO,Laguna,22,
Clothing  Shoes & Jewelry,Men,NO,Le Chateau,1,
Clothing  Shoes & Jewelry,Men,NO,LEE,182,
Clothing  Shoes & Jewelry,Men,NO,Lee,182,
Clothing  Shoes & Jewelry,Men,NO,LEGO,5,
Clothing  Shoes & Jewelry,Men,NO,Levi's,437,
Clothing  Shoes & Jewelry,Men,NO,Liberty,3,
Clothing  Shoes & Jewelry,Men,NO,Linea Naturale,7,
Clothing  Shoes & Jewelry,Men,NO,London Fog,87,
Clothing  Shoes & Jewelry,Men,NO,Louis Raphael,143,
Clothing  Shoes & Jewelry,Men,NO,LRG,221,
Clothing  Shoes & Jewelry,Men,NO,Lucky Brand,588,
Clothing  Shoes & Jewelry,Men,NO,Luminox,1,
Clothing  Shoes & Jewelry,Men,NO,Maaji,38,
Clothing  Shoes & Jewelry,Men,NO,Mackage,7,
Clothing  Shoes & Jewelry,Men,NO,Maidenform,1,
Clothing  Shoes & Jewelry,Men,NO,Majestic International,88,
Clothing  Shoes & Jewelry,Men,NO,Marc Ecko,1,
Clothing  Shoes & Jewelry,Men,NO,Margaritaville,169,
Clothing  Shoes & Jewelry,Men,NO,Mavi,78,
Clothing  Shoes & Jewelry,Men,NO,Merrell,104,
Clothing  Shoes & Jewelry,Men,NO,Metal Mulisha,131,
Clothing  Shoes & Jewelry,Men,NO,Michael Kors,1,
Clothing  Shoes & Jewelry,Men,NO,Michael Stars,22,
Clothing  Shoes & Jewelry,Men,NO,Minnetonka,2,
Clothing  Shoes & Jewelry,Men,NO,Mizuno,24,
Clothing  Shoes & Jewelry,Men,NO,Moose Knuckles,11,
Clothing  Shoes & Jewelry,Men,NO,Movado,2,
Clothing  Shoes & Jewelry,Men,NO,Muck Boot,25,
Clothing  Shoes & Jewelry,Men,NO,MUK LUKS,29,
Clothing  Shoes & Jewelry,Men,NO,My Little Pony,2,
Clothing  Shoes & Jewelry,Men,NO,Naked,20,
Clothing  Shoes & Jewelry,Men,NO,Naked & Famous Denim,151,
Clothing  Shoes & Jewelry,Men,NO,Nat Nast,90,
Clothing  Shoes & Jewelry,Men,NO,Native,2,
Clothing  Shoes & Jewelry,Men,NO,Nautica,1003,
Clothing  Shoes & Jewelry,Men,NO,NEFF,240,
Clothing  Shoes & Jewelry,Men,NO,New Balance,288,
Clothing  Shoes & Jewelry,Men,NO,Nicholas K,1,
Clothing  Shoes & Jewelry,Men,NO,Nickelodeon,62,
Clothing  Shoes & Jewelry,Men,NO,Nintendo,39,
Clothing  Shoes & Jewelry,Men,NO,NIXON,52,
Clothing  Shoes & Jewelry,Men,NO,Nudie Jeans,102,
Clothing  Shoes & Jewelry,Men,NO,NY Collection,14,
Clothing  Shoes & Jewelry,Men,NO,NYX,2,
Clothing  Shoes & Jewelry,Men,NO,O'Neill,504,
Clothing  Shoes & Jewelry,Men,NO,Oakley,287,
Clothing  Shoes & Jewelry,Men,NO,Olympia,1,
Clothing  Shoes & Jewelry,Men,NO,onia,31,
Clothing  Shoes & Jewelry,Men,NO,Original Penguin,1039,
Clothing  Shoes & Jewelry,Men,NO,PAIGE,106,
Clothing  Shoes & Jewelry,Men,NO,Pajar,8,
Clothing  Shoes & Jewelry,Men,NO,papi,47,
Clothing  Shoes & Jewelry,Men,NO,parke & ronen,58,
Clothing  Shoes & Jewelry,Men,NO,Peanuts,3,
Clothing  Shoes & Jewelry,Men,NO,PEDS,13,
Clothing  Shoes & Jewelry,Men,NO,Pendleton,209,
Clothing  Shoes & Jewelry,Men,NO,Perry Ellis,685,
Clothing  Shoes & Jewelry,Men,NO,Petit Lem,1,
Clothing  Shoes & Jewelry,Men,NO,PGA TOUR,138,
Clothing  Shoes & Jewelry,Men,NO,Piel Leather,1,
Clothing  Shoes & Jewelry,Men,NO,Pink Lotus,1,
Clothing  Shoes & Jewelry,Men,NO,Propét,1,
Clothing  Shoes & Jewelry,Men,NO,Psycho Bunny,38,
Clothing  Shoes & Jewelry,Men,NO,Pulsar,4,
Clothing  Shoes & Jewelry,Men,NO,PUMA,426,
Clothing  Shoes & Jewelry,Men,NO,Quiksilver,1200,
Clothing  Shoes & Jewelry,Men,NO,Rainforest,12,
Clothing  Shoes & Jewelry,Men,NO,RALPH LAUREN,1,
Clothing  Shoes & Jewelry,Men,NO,Rawlings,20,
Clothing  Shoes & Jewelry,Men,NO,Ray-Ban,7,
Clothing  Shoes & Jewelry,Men,NO,Reebok,101,
Clothing  Shoes & Jewelry,Men,NO,Reef,29,
Clothing  Shoes & Jewelry,Men,NO,Report,18,
Clothing  Shoes & Jewelry,Men,NO,Reyn Spooner,115,
Clothing  Shoes & Jewelry,Men,NO,Richer Poorer,2,
Clothing  Shoes & Jewelry,Men,NO,Rip Curl,544,
Clothing  Shoes & Jewelry,Men,NO,Ritmo Mundo,2,
Clothing  Shoes & Jewelry,Men,NO,Robert Graham,389,
Clothing  Shoes & Jewelry,Men,NO,Rock Revival,88,
Clothing  Shoes & Jewelry,Men,NO,Rockport,12,
Clothing  Shoes & Jewelry,Men,NO,Rothco,42,
Clothing  Shoes & Jewelry,Men,NO,Rusty,122,
Clothing  Shoes & Jewelry,Men,NO,RVCA,574,
Clothing  Shoes & Jewelry,Men,NO,Salomon,45,
Clothing  Shoes & Jewelry,Men,NO,Samsonite,3,
Clothing  Shoes & Jewelry,Men,NO,Sanuk,2,
Clothing  Shoes & Jewelry,Men,NO,Saucony,21,
Clothing  Shoes & Jewelry,Men,NO,Scotch & Soda,157,
Clothing  Shoes & Jewelry,Men,NO,SCOTT,1,
Clothing  Shoes & Jewelry,Men,NO,Scott,1,
Clothing  Shoes & Jewelry,Men,NO,Silver Jeans Co.,58,
Clothing  Shoes & Jewelry,Men,NO,Skechers,42,
Clothing  Shoes & Jewelry,Men,NO,Slate & Stone,29,
Clothing  Shoes & Jewelry,Men,NO,SockGuy,33,
Clothing  Shoes & Jewelry,Men,NO,Sof Sole,9,
Clothing  Shoes & Jewelry,Men,NO,Soffe,67,
Clothing  Shoes & Jewelry,Men,NO,SOREL,3,
Clothing  Shoes & Jewelry,Men,NO,Speedo,30,
Clothing  Shoes & Jewelry,Men,NO,Spiewak,14,
Clothing  Shoes & Jewelry,Men,NO,Spyder,290,
Clothing  Shoes & Jewelry,Men,NO,Stacy Adams,185,
Clothing  Shoes & Jewelry,Men,NO,Stance,185,
Clothing  Shoes & Jewelry,Men,NO,Star Wars,118,
Clothing  Shoes & Jewelry,Men,NO,Stetson,30,
Clothing  Shoes & Jewelry,Men,NO,Steve Madden,13,
Clothing  Shoes & Jewelry,Men,NO,Steven Alan,3,
Clothing  Shoes & Jewelry,Men,NO,Stone Rose,75,
Clothing  Shoes & Jewelry,Men,NO,Stuhrling Original,41,
Clothing  Shoes & Jewelry,Men,NO,Sundek,19,
Clothing  Shoes & Jewelry,Men,NO,Superdry,78,
Clothing  Shoes & Jewelry,Men,NO,Superga,2,
Clothing  Shoes & Jewelry,Men,NO,Surfside,3,
Clothing  Shoes & Jewelry,Men,NO,Surfside Supply,18,
Clothing  Shoes & Jewelry,Men,NO,Swiss Legend,3,
Clothing  Shoes & Jewelry,Men,NO,Swiss Precimax,38,
Clothing  Shoes & Jewelry,Men,NO,Szanto,3,
Clothing  Shoes & Jewelry,Men,NO,T Tahari,13,
Clothing  Shoes & Jewelry,Men,NO,TAG Heuer,2,
Clothing  Shoes & Jewelry,Men,NO,Tailor Vintage,22,
Clothing  Shoes & Jewelry,Men,NO,Tallia,6,
Clothing  Shoes & Jewelry,Men,NO,Tavik,60,
Clothing  Shoes & Jewelry,Men,NO,Teva,2,
Clothing  Shoes & Jewelry,Men,NO,Thaddeus,12,
Clothing  Shoes & Jewelry,Men,NO,Thaddeus O'Neil,15,
Clothing  Shoes & Jewelry,Men,NO,Theory,280,
Clothing  Shoes & Jewelry,Men,NO,Thomas Dean,32,
Clothing  Shoes & Jewelry,Men,NO,Thorlo,56,
Clothing  Shoes & Jewelry,Men,NO,Threads 4 Thought,147,
Clothing  Shoes & Jewelry,Men,NO,Timberland,74,
Clothing  Shoes & Jewelry,Men,NO,Timex,15,
Clothing  Shoes & Jewelry,Men,NO,Todd Snyder,6,
Clothing  Shoes & Jewelry,Men,NO,Todd Snyder + Champion,29,
Clothing  Shoes & Jewelry,Men,NO,Tom & Teddy,19,
Clothing  Shoes & Jewelry,Men,NO,Tommy Bahama,138,
Clothing  Shoes & Jewelry,Men,NO,Tommy Hilfiger,593,
Clothing  Shoes & Jewelry,Men,NO,Travelers Club,1,
Clothing  Shoes & Jewelry,Men,NO,Travelon,1,
Clothing  Shoes & Jewelry,Men,NO,True Grit,66,
Clothing  Shoes & Jewelry,Men,NO,True Religion,257,
Clothing  Shoes & Jewelry,Men,NO,Tumi,15,
Clothing  Shoes & Jewelry,Men,NO,Under Armour,580,
Clothing  Shoes & Jewelry,Men,NO,UNIONBAY,51,
Clothing  Shoes & Jewelry,Men,NO,Van Heusen,196,
Clothing  Shoes & Jewelry,Men,NO,Versace,5,
Clothing  Shoes & Jewelry,Men,NO,Versace Jeans,43,
Clothing  Shoes & Jewelry,Men,NO,Versus by Versace,1,
Clothing  Shoes & Jewelry,Men,NO,Vestal,6,
Clothing  Shoes & Jewelry,Men,NO,Victorinox,48,
Clothing  Shoes & Jewelry,Men,NO,Vilebrequin,18,
Clothing  Shoes & Jewelry,Men,NO,Vince,132,
Clothing  Shoes & Jewelry,Men,NO,Vince Camuto,178,
Clothing  Shoes & Jewelry,Men,NO,Vintage 1946,63,
Clothing  Shoes & Jewelry,Men,NO,Volcom,563,
Clothing  Shoes & Jewelry,Men,NO,W.R.K,16,
Clothing  Shoes & Jewelry,Men,NO,Weatherproof Vintage,91,
Clothing  Shoes & Jewelry,Men,NO,WeSC,40,
Clothing  Shoes & Jewelry,Men,NO,Wigwam,124,
Clothing  Shoes & Jewelry,Men,NO,Wildkin,1,
Clothing  Shoes & Jewelry,Men,NO,Wolverine,149,
Clothing  Shoes & Jewelry,Men,NO,Woolrich,205,
Clothing  Shoes & Jewelry,Men,NO,Woolrich John Rich & Bros.,18,
Clothing  Shoes & Jewelry,Men,NO,Wrangler,726,
Clothing  Shoes & Jewelry,Men,NO,Young & Reckless,25,
Clothing  Shoes & Jewelry,Men,NO,Zachary Prell,10,
Clothing  Shoes & Jewelry,Men,NO,Zanerobe,197,
Clothing  Shoes & Jewelry,Men,NO,ZeroXposur,44,
Clothing  Shoes & Jewelry,Men,NO,Zodiac,1,
Clothing  Shoes & Jewelry,Men,NO,Zoot,18,
